1,Usuario1,user1,senha1,cliente
2,Usuario2,user2,senha2,funcionario
3,Usuario3,user3,senha3,cliente
4,Usuario4,user4,senha4,gerente
5,Usuario5,user5,senha5,estagiario
6,Usuario6,user6,senha6,funcionario
7,Usuario7,user7,senha7,cliente
8,Usuario8,user8,senha8,estagiario
9,Usuario9,user9,senha9,gerente
10,Usuario10,user10,senha10,funcionario
11,Usuario11,user11,senha11,cliente
12,Usuario12,user12,senha12,gerente
13,Usuario13,user13,senha13,cliente
14,Usuario14,user14,senha14,funcionario
15,Usuario15,user15,senha15,estagiario
16,Usuario16,user16,senha16,gerente
17,Usuario17,user17,senha17,funcionario
18,Usuario18,user18,senha18,estagiario
19,Usuario19,user19,senha19,funcionario
20,Usuario20,user20,senha20,gerente
21,Usuario21,user21,senha21,gerente
22,Usuario22,user22,senha22,cliente
23,Usuario23,user23,senha23,funcionario
24,Usuario24,user24,senha24,estagiario
25,Usuario25,user25,senha25,cliente
26,Usuario26,user26,senha26,cliente
27,Usuario27,user27,senha27,estagiario
28,Usuario28,user28,senha28,cliente
29,Usuario29,user29,senha29,estagiario
30,Usuario30,user30,senha30,gerente
31,Usuario31,user31,senha31,estagiario
32,Usuario32,user32,senha32,gerente
33,Usuario33,user33,senha33,estagiario
34,Usuario34,user34,senha34,funcionario
35,Usuario35,user35,senha35,cliente
36,Usuario36,user36,senha36,gerente
37,Usuario37,user37,senha37,cliente
38,Usuario38,user38,senha38,funcionario
39,Usuario39,user39,senha39,funcionario
40,Usuario40,user40,senha40,estagiario
41,Usuario41,user41,senha41,funcionario
42,Usuario42,user42,senha42,gerente
43,Usuario43,user43,senha43,gerente
44,Usuario44,user44,senha44,estagiario
45,Usuario45,user45,senha45,gerente
46,Usuario46,user46,senha46,cliente
47,Usuario47,user47,senha47,estagiario
48,Usuario48,user48,senha48,cliente
49,Usuario49,user49,senha49,gerente
50,Usuario50,user50,senha50,cliente
51,Usuario51,user51,senha51,cliente
52,Usuario52,user52,senha52,gerente
53,Usuario53,user53,senha53,funcionario
54,Usuario54,user54,senha54,cliente
55,Usuario55,user55,senha55,estagiario
56,Usuario56,user56,senha56,cliente
57,Usuario57,user57,senha57,gerente
58,Usuario58,user58,senha58,estagiario
59,Usuario59,user59,senha59,estagiario
60,Usuario60,user60,senha60,funcionario
61,Usuario61,user61,senha61,cliente
62,Usuario62,user62,senha62,estagiario
63,Usuario63,user63,senha63,estagiario
64,Usuario64,user64,senha64,gerente
65,Usuario65,user65,senha65,gerente
66,Usuario66,user66,senha66,gerente
67,Usuario67,user67,senha67,cliente
68,Usuario68,user68,senha68,funcionario
69,Usuario69,user69,senha69,funcionario
70,Usuario70,user70,senha70,funcionario
71,Usuario71,user71,senha71,funcionario
72,Usuario72,user72,senha72,cliente
73,Usuario73,user73,senha73,estagiario
74,Usuario74,user74,senha74,estagiario
75,Usuario75,user75,senha75,funcionario
76,Usuario76,user76,senha76,gerente
77,Usuario77,user77,senha77,cliente
78,Usuario78,user78,senha78,gerente
79,Usuario79,user79,senha79,estagiario
80,Usuario80,user80,senha80,estagiario
81,Usuario81,user81,senha81,funcionario
82,Usuario82,user82,senha82,gerente
83,Usuario83,user83,senha83,gerente
84,Usuario84,user84,senha84,gerente
85,Usuario85,user85,senha85,gerente
86,Usuario86,user86,senha86,cliente
87,Usuario87,user87,senha87,cliente
88,Usuario88,user88,senha88,cliente
89,Usuario89,user89,senha89,funcionario
90,Usuario90,user90,senha90,funcionario
91,Usuario91,user91,senha91,cliente
92,Usuario92,user92,senha92,cliente
93,Usuario93,user93,senha93,funcionario
94,Usuario94,user94,senha94,estagiario
95,Usuario95,user95,senha95,funcionario
96,Usuario96,user96,senha96,estagiario
97,Usuario97,user97,senha97,funcionario
98,Usuario98,user98,senha98,funcionario
99,Usuario99,user99,senha99,estagiario
100,Usuario100,user100,senha100,funcionario
101,Usuario101,user101,senha101,gerente
102,Usuario102,user102,senha102,funcionario
103,Usuario103,user103,senha103,gerente
104,Usuario104,user104,senha104,funcionario
105,Usuario105,user105,senha105,funcionario
106,Usuario106,user106,senha106,funcionario
107,Usuario107,user107,senha107,gerente
108,Usuario108,user108,senha108,gerente
109,Usuario109,user109,senha109,cliente
110,Usuario110,user110,senha110,cliente
111,Usuario111,user111,senha111,funcionario
112,Usuario112,user112,senha112,estagiario
113,Usuario113,user113,senha113,funcionario
114,Usuario114,user114,senha114,gerente
115,Usuario115,user115,senha115,gerente
116,Usuario116,user116,senha116,funcionario
117,Usuario117,user117,senha117,cliente
118,Usuario118,user118,senha118,funcionario
119,Usuario119,user119,senha119,gerente
120,Usuario120,user120,senha120,gerente
121,Usuario121,user121,senha121,cliente
122,Usuario122,user122,senha122,cliente
123,Usuario123,user123,senha123,funcionario
124,Usuario124,user124,senha124,estagiario
125,Usuario125,user125,senha125,estagiario
126,Usuario126,user126,senha126,estagiario
127,Usuario127,user127,senha127,cliente
128,Usuario128,user128,senha128,cliente
129,Usuario129,user129,senha129,estagiario
130,Usuario130,user130,senha130,funcionario
131,Usuario131,user131,senha131,funcionario
132,Usuario132,user132,senha132,cliente
133,Usuario133,user133,senha133,estagiario
134,Usuario134,user134,senha134,funcionario
135,Usuario135,user135,senha135,gerente
136,Usuario136,user136,senha136,cliente
137,Usuario137,user137,senha137,cliente
138,Usuario138,user138,senha138,funcionario
139,Usuario139,user139,senha139,cliente
140,Usuario140,user140,senha140,estagiario
141,Usuario141,user141,senha141,cliente
142,Usuario142,user142,senha142,gerente
143,Usuario143,user143,senha143,estagiario
144,Usuario144,user144,senha144,estagiario
145,Usuario145,user145,senha145,gerente
146,Usuario146,user146,senha146,funcionario
147,Usuario147,user147,senha147,estagiario
148,Usuario148,user148,senha148,funcionario
149,Usuario149,user149,senha149,estagiario
150,Usuario150,user150,senha150,funcionario
151,Usuario151,user151,senha151,estagiario
152,Usuario152,user152,senha152,funcionario
153,Usuario153,user153,senha153,estagiario
154,Usuario154,user154,senha154,cliente
155,Usuario155,user155,senha155,cliente
156,Usuario156,user156,senha156,funcionario
157,Usuario157,user157,senha157,cliente
158,Usuario158,user158,senha158,estagiario
159,Usuario159,user159,senha159,funcionario
160,Usuario160,user160,senha160,funcionario
161,Usuario161,user161,senha161,gerente
162,Usuario162,user162,senha162,estagiario
163,Usuario163,user163,senha163,gerente
164,Usuario164,user164,senha164,funcionario
165,Usuario165,user165,senha165,funcionario
166,Usuario166,user166,senha166,gerente
167,Usuario167,user167,senha167,gerente
168,Usuario168,user168,senha168,cliente
169,Usuario169,user169,senha169,cliente
170,Usuario170,user170,senha170,funcionario
171,Usuario171,user171,senha171,cliente
172,Usuario172,user172,senha172,funcionario
173,Usuario173,user173,senha173,gerente
174,Usuario174,user174,senha174,funcionario
175,Usuario175,user175,senha175,cliente
176,Usuario176,user176,senha176,gerente
177,Usuario177,user177,senha177,estagiario
178,Usuario178,user178,senha178,estagiario
179,Usuario179,user179,senha179,gerente
180,Usuario180,user180,senha180,gerente
181,Usuario181,user181,senha181,estagiario
182,Usuario182,user182,senha182,gerente
183,Usuario183,user183,senha183,funcionario
184,Usuario184,user184,senha184,funcionario
185,Usuario185,user185,senha185,gerente
186,Usuario186,user186,senha186,gerente
187,Usuario187,user187,senha187,cliente
188,Usuario188,user188,senha188,gerente
189,Usuario189,user189,senha189,estagiario
190,Usuario190,user190,senha190,estagiario
191,Usuario191,user191,senha191,cliente
192,Usuario192,user192,senha192,gerente
193,Usuario193,user193,senha193,cliente
194,Usuario194,user194,senha194,estagiario
195,Usuario195,user195,senha195,funcionario
196,Usuario196,user196,senha196,funcionario
197,Usuario197,user197,senha197,estagiario
198,Usuario198,user198,senha198,estagiario
199,Usuario199,user199,senha199,cliente
200,Usuario200,user200,senha200,funcionario
201,Usuario201,user201,senha201,estagiario
202,Usuario202,user202,senha202,cliente
203,Usuario203,user203,senha203,cliente
204,Usuario204,user204,senha204,estagiario
205,Usuario205,user205,senha205,gerente
206,Usuario206,user206,senha206,cliente
207,Usuario207,user207,senha207,funcionario
208,Usuario208,user208,senha208,gerente
209,Usuario209,user209,senha209,cliente
210,Usuario210,user210,senha210,gerente
211,Usuario211,user211,senha211,funcionario
212,Usuario212,user212,senha212,gerente
213,Usuario213,user213,senha213,gerente
214,Usuario214,user214,senha214,estagiario
215,Usuario215,user215,senha215,gerente
216,Usuario216,user216,senha216,estagiario
217,Usuario217,user217,senha217,estagiario
218,Usuario218,user218,senha218,gerente
219,Usuario219,user219,senha219,gerente
220,Usuario220,user220,senha220,estagiario
221,Usuario221,user221,senha221,estagiario
222,Usuario222,user222,senha222,gerente
223,Usuario223,user223,senha223,gerente
224,Usuario224,user224,senha224,funcionario
225,Usuario225,user225,senha225,cliente
226,Usuario226,user226,senha226,gerente
227,Usuario227,user227,senha227,funcionario
228,Usuario228,user228,senha228,gerente
229,Usuario229,user229,senha229,cliente
230,Usuario230,user230,senha230,gerente
231,Usuario231,user231,senha231,cliente
232,Usuario232,user232,senha232,gerente
233,Usuario233,user233,senha233,funcionario
234,Usuario234,user234,senha234,funcionario
235,Usuario235,user235,senha235,gerente
236,Usuario236,user236,senha236,gerente
237,Usuario237,user237,senha237,funcionario
238,Usuario238,user238,senha238,gerente
239,Usuario239,user239,senha239,estagiario
240,Usuario240,user240,senha240,estagiario
241,Usuario241,user241,senha241,funcionario
242,Usuario242,user242,senha242,cliente
243,Usuario243,user243,senha243,gerente
244,Usuario244,user244,senha244,funcionario
245,Usuario245,user245,senha245,gerente
246,Usuario246,user246,senha246,cliente
247,Usuario247,user247,senha247,funcionario
248,Usuario248,user248,senha248,funcionario
249,Usuario249,user249,senha249,cliente
250,Usuario250,user250,senha250,estagiario
251,Usuario251,user251,senha251,gerente
252,Usuario252,user252,senha252,estagiario
253,Usuario253,user253,senha253,gerente
254,Usuario254,user254,senha254,gerente
255,Usuario255,user255,senha255,cliente
256,Usuario256,user256,senha256,gerente
257,Usuario257,user257,senha257,estagiario
258,Usuario258,user258,senha258,cliente
259,Usuario259,user259,senha259,gerente
260,Usuario260,user260,senha260,gerente
261,Usuario261,user261,senha261,gerente
262,Usuario262,user262,senha262,funcionario
263,Usuario263,user263,senha263,estagiario
264,Usuario264,user264,senha264,funcionario
265,Usuario265,user265,senha265,estagiario
266,Usuario266,user266,senha266,estagiario
267,Usuario267,user267,senha267,gerente
268,Usuario268,user268,senha268,estagiario
269,Usuario269,user269,senha269,gerente
270,Usuario270,user270,senha270,estagiario
271,Usuario271,user271,senha271,gerente
272,Usuario272,user272,senha272,gerente
273,Usuario273,user273,senha273,estagiario
274,Usuario274,user274,senha274,estagiario
275,Usuario275,user275,senha275,funcionario
276,Usuario276,user276,senha276,funcionario
277,Usuario277,user277,senha277,estagiario
278,Usuario278,user278,senha278,funcionario
279,Usuario279,user279,senha279,gerente
280,Usuario280,user280,senha280,gerente
281,Usuario281,user281,senha281,cliente
282,Usuario282,user282,senha282,cliente
283,Usuario283,user283,senha283,estagiario
284,Usuario284,user284,senha284,gerente
285,Usuario285,user285,senha285,funcionario
286,Usuario286,user286,senha286,estagiario
287,Usuario287,user287,senha287,cliente
288,Usuario288,user288,senha288,gerente
289,Usuario289,user289,senha289,estagiario
290,Usuario290,user290,senha290,cliente
291,Usuario291,user291,senha291,gerente
292,Usuario292,user292,senha292,gerente
293,Usuario293,user293,senha293,funcionario
294,Usuario294,user294,senha294,gerente
295,Usuario295,user295,senha295,gerente
296,Usuario296,user296,senha296,estagiario
297,Usuario297,user297,senha297,funcionario
298,Usuario298,user298,senha298,estagiario
299,Usuario299,user299,senha299,cliente
300,Usuario300,user300,senha300,estagiario
301,Usuario301,user301,senha301,funcionario
302,Usuario302,user302,senha302,cliente
303,Usuario303,user303,senha303,gerente
304,Usuario304,user304,senha304,estagiario
305,Usuario305,user305,senha305,gerente
306,Usuario306,user306,senha306,gerente
307,Usuario307,user307,senha307,gerente
308,Usuario308,user308,senha308,funcionario
309,Usuario309,user309,senha309,funcionario
310,Usuario310,user310,senha310,funcionario
311,Usuario311,user311,senha311,cliente
312,Usuario312,user312,senha312,cliente
313,Usuario313,user313,senha313,gerente
314,Usuario314,user314,senha314,cliente
315,Usuario315,user315,senha315,estagiario
316,Usuario316,user316,senha316,gerente
317,Usuario317,user317,senha317,estagiario
318,Usuario318,user318,senha318,estagiario
319,Usuario319,user319,senha319,gerente
320,Usuario320,user320,senha320,gerente
321,Usuario321,user321,senha321,funcionario
322,Usuario322,user322,senha322,gerente
323,Usuario323,user323,senha323,gerente
324,Usuario324,user324,senha324,gerente
325,Usuario325,user325,senha325,estagiario
326,Usuario326,user326,senha326,gerente
327,Usuario327,user327,senha327,estagiario
328,Usuario328,user328,senha328,cliente
329,Usuario329,user329,senha329,funcionario
330,Usuario330,user330,senha330,gerente
331,Usuario331,user331,senha331,estagiario
332,Usuario332,user332,senha332,cliente
333,Usuario333,user333,senha333,cliente
334,Usuario334,user334,senha334,funcionario
335,Usuario335,user335,senha335,cliente
336,Usuario336,user336,senha336,gerente
337,Usuario337,user337,senha337,cliente
338,Usuario338,user338,senha338,funcionario
339,Usuario339,user339,senha339,cliente
340,Usuario340,user340,senha340,funcionario
341,Usuario341,user341,senha341,estagiario
342,Usuario342,user342,senha342,estagiario
343,Usuario343,user343,senha343,gerente
344,Usuario344,user344,senha344,funcionario
345,Usuario345,user345,senha345,funcionario
346,Usuario346,user346,senha346,gerente
347,Usuario347,user347,senha347,funcionario
348,Usuario348,user348,senha348,cliente
349,Usuario349,user349,senha349,estagiario
350,Usuario350,user350,senha350,estagiario
351,Usuario351,user351,senha351,estagiario
352,Usuario352,user352,senha352,gerente
353,Usuario353,user353,senha353,cliente
354,Usuario354,user354,senha354,cliente
355,Usuario355,user355,senha355,cliente
356,Usuario356,user356,senha356,funcionario
357,Usuario357,user357,senha357,cliente
358,Usuario358,user358,senha358,cliente
359,Usuario359,user359,senha359,cliente
360,Usuario360,user360,senha360,funcionario
361,Usuario361,user361,senha361,gerente
362,Usuario362,user362,senha362,cliente
363,Usuario363,user363,senha363,funcionario
364,Usuario364,user364,senha364,estagiario
365,Usuario365,user365,senha365,cliente
366,Usuario366,user366,senha366,cliente
367,Usuario367,user367,senha367,funcionario
368,Usuario368,user368,senha368,estagiario
369,Usuario369,user369,senha369,gerente
370,Usuario370,user370,senha370,cliente
371,Usuario371,user371,senha371,funcionario
372,Usuario372,user372,senha372,gerente
373,Usuario373,user373,senha373,estagiario
374,Usuario374,user374,senha374,gerente
375,Usuario375,user375,senha375,cliente
376,Usuario376,user376,senha376,cliente
377,Usuario377,user377,senha377,funcionario
378,Usuario378,user378,senha378,funcionario
379,Usuario379,user379,senha379,cliente
380,Usuario380,user380,senha380,cliente
381,Usuario381,user381,senha381,gerente
382,Usuario382,user382,senha382,funcionario
383,Usuario383,user383,senha383,funcionario
384,Usuario384,user384,senha384,gerente
385,Usuario385,user385,senha385,cliente
386,Usuario386,user386,senha386,funcionario
387,Usuario387,user387,senha387,gerente
388,Usuario388,user388,senha388,cliente
389,Usuario389,user389,senha389,gerente
390,Usuario390,user390,senha390,cliente
391,Usuario391,user391,senha391,gerente
392,Usuario392,user392,senha392,estagiario
393,Usuario393,user393,senha393,funcionario
394,Usuario394,user394,senha394,cliente
395,Usuario395,user395,senha395,funcionario
396,Usuario396,user396,senha396,gerente
397,Usuario397,user397,senha397,cliente
398,Usuario398,user398,senha398,funcionario
399,Usuario399,user399,senha399,cliente
400,Usuario400,user400,senha400,estagiario
401,Usuario401,user401,senha401,estagiario
402,Usuario402,user402,senha402,estagiario
403,Usuario403,user403,senha403,cliente
404,Usuario404,user404,senha404,funcionario
405,Usuario405,user405,senha405,funcionario
406,Usuario406,user406,senha406,gerente
407,Usuario407,user407,senha407,gerente
408,Usuario408,user408,senha408,gerente
409,Usuario409,user409,senha409,cliente
410,Usuario410,user410,senha410,gerente
411,Usuario411,user411,senha411,funcionario
412,Usuario412,user412,senha412,gerente
413,Usuario413,user413,senha413,funcionario
414,Usuario414,user414,senha414,funcionario
415,Usuario415,user415,senha415,funcionario
416,Usuario416,user416,senha416,cliente
417,Usuario417,user417,senha417,gerente
418,Usuario418,user418,senha418,funcionario
419,Usuario419,user419,senha419,gerente
420,Usuario420,user420,senha420,cliente
421,Usuario421,user421,senha421,cliente
422,Usuario422,user422,senha422,gerente
423,Usuario423,user423,senha423,cliente
424,Usuario424,user424,senha424,gerente
425,Usuario425,user425,senha425,estagiario
426,Usuario426,user426,senha426,cliente
427,Usuario427,user427,senha427,cliente
428,Usuario428,user428,senha428,cliente
429,Usuario429,user429,senha429,estagiario
430,Usuario430,user430,senha430,funcionario
431,Usuario431,user431,senha431,estagiario
432,Usuario432,user432,senha432,estagiario
433,Usuario433,user433,senha433,funcionario
434,Usuario434,user434,senha434,funcionario
435,Usuario435,user435,senha435,funcionario
436,Usuario436,user436,senha436,estagiario
437,Usuario437,user437,senha437,estagiario
438,Usuario438,user438,senha438,funcionario
439,Usuario439,user439,senha439,funcionario
440,Usuario440,user440,senha440,estagiario
441,Usuario441,user441,senha441,gerente
442,Usuario442,user442,senha442,cliente
443,Usuario443,user443,senha443,funcionario
444,Usuario444,user444,senha444,funcionario
445,Usuario445,user445,senha445,estagiario
446,Usuario446,user446,senha446,funcionario
447,Usuario447,user447,senha447,funcionario
448,Usuario448,user448,senha448,gerente
449,Usuario449,user449,senha449,funcionario
450,Usuario450,user450,senha450,estagiario
451,Usuario451,user451,senha451,funcionario
452,Usuario452,user452,senha452,funcionario
453,Usuario453,user453,senha453,funcionario
454,Usuario454,user454,senha454,gerente
455,Usuario455,user455,senha455,cliente
456,Usuario456,user456,senha456,estagiario
457,Usuario457,user457,senha457,estagiario
458,Usuario458,user458,senha458,cliente
459,Usuario459,user459,senha459,cliente
460,Usuario460,user460,senha460,funcionario
461,Usuario461,user461,senha461,cliente
462,Usuario462,user462,senha462,cliente
463,Usuario463,user463,senha463,funcionario
464,Usuario464,user464,senha464,estagiario
465,Usuario465,user465,senha465,gerente
466,Usuario466,user466,senha466,estagiario
467,Usuario467,user467,senha467,gerente
468,Usuario468,user468,senha468,funcionario
469,Usuario469,user469,senha469,estagiario
470,Usuario470,user470,senha470,funcionario
471,Usuario471,user471,senha471,estagiario
472,Usuario472,user472,senha472,cliente
473,Usuario473,user473,senha473,funcionario
474,Usuario474,user474,senha474,cliente
475,Usuario475,user475,senha475,estagiario
476,Usuario476,user476,senha476,cliente
477,Usuario477,user477,senha477,estagiario
478,Usuario478,user478,senha478,funcionario
479,Usuario479,user479,senha479,gerente
480,Usuario480,user480,senha480,cliente
481,Usuario481,user481,senha481,cliente
482,Usuario482,user482,senha482,cliente
483,Usuario483,user483,senha483,cliente
484,Usuario484,user484,senha484,cliente
485,Usuario485,user485,senha485,estagiario
486,Usuario486,user486,senha486,estagiario
487,Usuario487,user487,senha487,gerente
488,Usuario488,user488,senha488,estagiario
489,Usuario489,user489,senha489,funcionario
490,Usuario490,user490,senha490,cliente
491,Usuario491,user491,senha491,estagiario
492,Usuario492,user492,senha492,funcionario
493,Usuario493,user493,senha493,cliente
494,Usuario494,user494,senha494,estagiario
495,Usuario495,user495,senha495,gerente
496,Usuario496,user496,senha496,estagiario
497,Usuario497,user497,senha497,estagiario
498,Usuario498,user498,senha498,funcionario
499,Usuario499,user499,senha499,gerente
500,Usuario500,user500,senha500,gerente
501,Usuario501,user501,senha501,cliente
502,Usuario502,user502,senha502,estagiario
503,Usuario503,user503,senha503,cliente
504,Usuario504,user504,senha504,funcionario
505,Usuario505,user505,senha505,estagiario
506,Usuario506,user506,senha506,funcionario
507,Usuario507,user507,senha507,gerente
508,Usuario508,user508,senha508,estagiario
509,Usuario509,user509,senha509,funcionario
510,Usuario510,user510,senha510,estagiario
511,Usuario511,user511,senha511,cliente
512,Usuario512,user512,senha512,funcionario
513,Usuario513,user513,senha513,cliente
514,Usuario514,user514,senha514,estagiario
515,Usuario515,user515,senha515,estagiario
516,Usuario516,user516,senha516,cliente
517,Usuario517,user517,senha517,gerente
518,Usuario518,user518,senha518,estagiario
519,Usuario519,user519,senha519,gerente
520,Usuario520,user520,senha520,gerente
521,Usuario521,user521,senha521,cliente
522,Usuario522,user522,senha522,gerente
523,Usuario523,user523,senha523,funcionario
524,Usuario524,user524,senha524,gerente
525,Usuario525,user525,senha525,gerente
526,Usuario526,user526,senha526,funcionario
527,Usuario527,user527,senha527,estagiario
528,Usuario528,user528,senha528,cliente
529,Usuario529,user529,senha529,cliente
530,Usuario530,user530,senha530,funcionario
531,Usuario531,user531,senha531,gerente
532,Usuario532,user532,senha532,estagiario
533,Usuario533,user533,senha533,funcionario
534,Usuario534,user534,senha534,gerente
535,Usuario535,user535,senha535,estagiario
536,Usuario536,user536,senha536,gerente
537,Usuario537,user537,senha537,cliente
538,Usuario538,user538,senha538,cliente
539,Usuario539,user539,senha539,gerente
540,Usuario540,user540,senha540,estagiario
541,Usuario541,user541,senha541,gerente
542,Usuario542,user542,senha542,cliente
543,Usuario543,user543,senha543,gerente
544,Usuario544,user544,senha544,funcionario
545,Usuario545,user545,senha545,cliente
546,Usuario546,user546,senha546,funcionario
547,Usuario547,user547,senha547,funcionario
548,Usuario548,user548,senha548,gerente
549,Usuario549,user549,senha549,funcionario
550,Usuario550,user550,senha550,funcionario
551,Usuario551,user551,senha551,cliente
552,Usuario552,user552,senha552,funcionario
553,Usuario553,user553,senha553,funcionario
554,Usuario554,user554,senha554,gerente
555,Usuario555,user555,senha555,gerente
556,Usuario556,user556,senha556,cliente
557,Usuario557,user557,senha557,cliente
558,Usuario558,user558,senha558,estagiario
559,Usuario559,user559,senha559,funcionario
560,Usuario560,user560,senha560,gerente
561,Usuario561,user561,senha561,funcionario
562,Usuario562,user562,senha562,estagiario
563,Usuario563,user563,senha563,gerente
564,Usuario564,user564,senha564,estagiario
565,Usuario565,user565,senha565,funcionario
566,Usuario566,user566,senha566,gerente
567,Usuario567,user567,senha567,gerente
568,Usuario568,user568,senha568,gerente
569,Usuario569,user569,senha569,funcionario
570,Usuario570,user570,senha570,estagiario
571,Usuario571,user571,senha571,gerente
572,Usuario572,user572,senha572,funcionario
573,Usuario573,user573,senha573,funcionario
574,Usuario574,user574,senha574,estagiario
575,Usuario575,user575,senha575,gerente
576,Usuario576,user576,senha576,cliente
577,Usuario577,user577,senha577,cliente
578,Usuario578,user578,senha578,estagiario
579,Usuario579,user579,senha579,estagiario
580,Usuario580,user580,senha580,cliente
581,Usuario581,user581,senha581,cliente
582,Usuario582,user582,senha582,gerente
583,Usuario583,user583,senha583,cliente
584,Usuario584,user584,senha584,gerente
585,Usuario585,user585,senha585,cliente
586,Usuario586,user586,senha586,estagiario
587,Usuario587,user587,senha587,estagiario
588,Usuario588,user588,senha588,cliente
589,Usuario589,user589,senha589,cliente
590,Usuario590,user590,senha590,funcionario
591,Usuario591,user591,senha591,estagiario
592,Usuario592,user592,senha592,funcionario
593,Usuario593,user593,senha593,estagiario
594,Usuario594,user594,senha594,estagiario
595,Usuario595,user595,senha595,estagiario
596,Usuario596,user596,senha596,cliente
597,Usuario597,user597,senha597,funcionario
598,Usuario598,user598,senha598,estagiario
599,Usuario599,user599,senha599,estagiario
600,Usuario600,user600,senha600,funcionario
601,Usuario601,user601,senha601,estagiario
602,Usuario602,user602,senha602,cliente
603,Usuario603,user603,senha603,estagiario
604,Usuario604,user604,senha604,estagiario
605,Usuario605,user605,senha605,funcionario
606,Usuario606,user606,senha606,gerente
607,Usuario607,user607,senha607,cliente
608,Usuario608,user608,senha608,gerente
609,Usuario609,user609,senha609,estagiario
610,Usuario610,user610,senha610,cliente
611,Usuario611,user611,senha611,funcionario
612,Usuario612,user612,senha612,estagiario
613,Usuario613,user613,senha613,gerente
614,Usuario614,user614,senha614,estagiario
615,Usuario615,user615,senha615,funcionario
616,Usuario616,user616,senha616,estagiario
617,Usuario617,user617,senha617,funcionario
618,Usuario618,user618,senha618,cliente
619,Usuario619,user619,senha619,estagiario
620,Usuario620,user620,senha620,gerente
621,Usuario621,user621,senha621,estagiario
622,Usuario622,user622,senha622,cliente
623,Usuario623,user623,senha623,cliente
624,Usuario624,user624,senha624,gerente
625,Usuario625,user625,senha625,gerente
626,Usuario626,user626,senha626,cliente
627,Usuario627,user627,senha627,gerente
628,Usuario628,user628,senha628,cliente
629,Usuario629,user629,senha629,estagiario
630,Usuario630,user630,senha630,cliente
631,Usuario631,user631,senha631,gerente
632,Usuario632,user632,senha632,estagiario
633,Usuario633,user633,senha633,funcionario
634,Usuario634,user634,senha634,cliente
635,Usuario635,user635,senha635,gerente
636,Usuario636,user636,senha636,estagiario
637,Usuario637,user637,senha637,estagiario
638,Usuario638,user638,senha638,cliente
639,Usuario639,user639,senha639,estagiario
640,Usuario640,user640,senha640,funcionario
641,Usuario641,user641,senha641,cliente
642,Usuario642,user642,senha642,gerente
643,Usuario643,user643,senha643,funcionario
644,Usuario644,user644,senha644,funcionario
645,Usuario645,user645,senha645,funcionario
646,Usuario646,user646,senha646,gerente
647,Usuario647,user647,senha647,cliente
648,Usuario648,user648,senha648,gerente
649,Usuario649,user649,senha649,funcionario
650,Usuario650,user650,senha650,gerente
651,Usuario651,user651,senha651,funcionario
652,Usuario652,user652,senha652,cliente
653,Usuario653,user653,senha653,cliente
654,Usuario654,user654,senha654,gerente
655,Usuario655,user655,senha655,funcionario
656,Usuario656,user656,senha656,gerente
657,Usuario657,user657,senha657,estagiario
658,Usuario658,user658,senha658,estagiario
659,Usuario659,user659,senha659,cliente
660,Usuario660,user660,senha660,estagiario
661,Usuario661,user661,senha661,estagiario
662,Usuario662,user662,senha662,cliente
663,Usuario663,user663,senha663,cliente
664,Usuario664,user664,senha664,estagiario
665,Usuario665,user665,senha665,estagiario
666,Usuario666,user666,senha666,funcionario
667,Usuario667,user667,senha667,estagiario
668,Usuario668,user668,senha668,funcionario
669,Usuario669,user669,senha669,estagiario
670,Usuario670,user670,senha670,estagiario
671,Usuario671,user671,senha671,gerente
672,Usuario672,user672,senha672,estagiario
673,Usuario673,user673,senha673,funcionario
674,Usuario674,user674,senha674,funcionario
675,Usuario675,user675,senha675,estagiario
676,Usuario676,user676,senha676,cliente
677,Usuario677,user677,senha677,estagiario
678,Usuario678,user678,senha678,funcionario
679,Usuario679,user679,senha679,gerente
680,Usuario680,user680,senha680,estagiario
681,Usuario681,user681,senha681,estagiario
682,Usuario682,user682,senha682,gerente
683,Usuario683,user683,senha683,estagiario
684,Usuario684,user684,senha684,cliente
685,Usuario685,user685,senha685,cliente
686,Usuario686,user686,senha686,cliente
687,Usuario687,user687,senha687,estagiario
688,Usuario688,user688,senha688,estagiario
689,Usuario689,user689,senha689,cliente
690,Usuario690,user690,senha690,cliente
691,Usuario691,user691,senha691,cliente
692,Usuario692,user692,senha692,funcionario
693,Usuario693,user693,senha693,funcionario
694,Usuario694,user694,senha694,estagiario
695,Usuario695,user695,senha695,gerente
696,Usuario696,user696,senha696,cliente
697,Usuario697,user697,senha697,cliente
698,Usuario698,user698,senha698,funcionario
699,Usuario699,user699,senha699,cliente
700,Usuario700,user700,senha700,gerente
701,Usuario701,user701,senha701,gerente
702,Usuario702,user702,senha702,funcionario
703,Usuario703,user703,senha703,gerente
704,Usuario704,user704,senha704,funcionario
705,Usuario705,user705,senha705,cliente
706,Usuario706,user706,senha706,estagiario
707,Usuario707,user707,senha707,gerente
708,Usuario708,user708,senha708,estagiario
709,Usuario709,user709,senha709,estagiario
710,Usuario710,user710,senha710,funcionario
711,Usuario711,user711,senha711,cliente
712,Usuario712,user712,senha712,cliente
713,Usuario713,user713,senha713,estagiario
714,Usuario714,user714,senha714,gerente
715,Usuario715,user715,senha715,estagiario
716,Usuario716,user716,senha716,cliente
717,Usuario717,user717,senha717,funcionario
718,Usuario718,user718,senha718,gerente
719,Usuario719,user719,senha719,gerente
720,Usuario720,user720,senha720,funcionario
721,Usuario721,user721,senha721,cliente
722,Usuario722,user722,senha722,estagiario
723,Usuario723,user723,senha723,funcionario
724,Usuario724,user724,senha724,gerente
725,Usuario725,user725,senha725,estagiario
726,Usuario726,user726,senha726,gerente
727,Usuario727,user727,senha727,gerente
728,Usuario728,user728,senha728,estagiario
729,Usuario729,user729,senha729,estagiario
730,Usuario730,user730,senha730,cliente
731,Usuario731,user731,senha731,gerente
732,Usuario732,user732,senha732,cliente
733,Usuario733,user733,senha733,funcionario
734,Usuario734,user734,senha734,cliente
735,Usuario735,user735,senha735,gerente
736,Usuario736,user736,senha736,estagiario
737,Usuario737,user737,senha737,gerente
738,Usuario738,user738,senha738,gerente
739,Usuario739,user739,senha739,gerente
740,Usuario740,user740,senha740,gerente
741,Usuario741,user741,senha741,cliente
742,Usuario742,user742,senha742,cliente
743,Usuario743,user743,senha743,gerente
744,Usuario744,user744,senha744,cliente
745,Usuario745,user745,senha745,funcionario
746,Usuario746,user746,senha746,gerente
747,Usuario747,user747,senha747,estagiario
748,Usuario748,user748,senha748,gerente
749,Usuario749,user749,senha749,estagiario
750,Usuario750,user750,senha750,cliente
751,Usuario751,user751,senha751,estagiario
752,Usuario752,user752,senha752,estagiario
753,Usuario753,user753,senha753,funcionario
754,Usuario754,user754,senha754,cliente
755,Usuario755,user755,senha755,gerente
756,Usuario756,user756,senha756,estagiario
757,Usuario757,user757,senha757,gerente
758,Usuario758,user758,senha758,cliente
759,Usuario759,user759,senha759,cliente
760,Usuario760,user760,senha760,cliente
761,Usuario761,user761,senha761,funcionario
762,Usuario762,user762,senha762,funcionario
763,Usuario763,user763,senha763,gerente
764,Usuario764,user764,senha764,funcionario
765,Usuario765,user765,senha765,estagiario
766,Usuario766,user766,senha766,funcionario
767,Usuario767,user767,senha767,gerente
768,Usuario768,user768,senha768,cliente
769,Usuario769,user769,senha769,funcionario
770,Usuario770,user770,senha770,gerente
771,Usuario771,user771,senha771,cliente
772,Usuario772,user772,senha772,funcionario
773,Usuario773,user773,senha773,estagiario
774,Usuario774,user774,senha774,cliente
775,Usuario775,user775,senha775,gerente
776,Usuario776,user776,senha776,funcionario
777,Usuario777,user777,senha777,gerente
778,Usuario778,user778,senha778,cliente
779,Usuario779,user779,senha779,funcionario
780,Usuario780,user780,senha780,gerente
781,Usuario781,user781,senha781,estagiario
782,Usuario782,user782,senha782,gerente
783,Usuario783,user783,senha783,cliente
784,Usuario784,user784,senha784,funcionario
785,Usuario785,user785,senha785,cliente
786,Usuario786,user786,senha786,funcionario
787,Usuario787,user787,senha787,funcionario
788,Usuario788,user788,senha788,gerente
789,Usuario789,user789,senha789,estagiario
790,Usuario790,user790,senha790,estagiario
791,Usuario791,user791,senha791,funcionario
792,Usuario792,user792,senha792,funcionario
793,Usuario793,user793,senha793,estagiario
794,Usuario794,user794,senha794,estagiario
795,Usuario795,user795,senha795,estagiario
796,Usuario796,user796,senha796,funcionario
797,Usuario797,user797,senha797,cliente
798,Usuario798,user798,senha798,cliente
799,Usuario799,user799,senha799,cliente
800,Usuario800,user800,senha800,gerente
801,Usuario801,user801,senha801,cliente
802,Usuario802,user802,senha802,cliente
803,Usuario803,user803,senha803,gerente
804,Usuario804,user804,senha804,cliente
805,Usuario805,user805,senha805,gerente
806,Usuario806,user806,senha806,cliente
807,Usuario807,user807,senha807,funcionario
808,Usuario808,user808,senha808,estagiario
809,Usuario809,user809,senha809,gerente
810,Usuario810,user810,senha810,estagiario
811,Usuario811,user811,senha811,cliente
812,Usuario812,user812,senha812,gerente
813,Usuario813,user813,senha813,gerente
814,Usuario814,user814,senha814,gerente
815,Usuario815,user815,senha815,cliente
816,Usuario816,user816,senha816,cliente
817,Usuario817,user817,senha817,funcionario
818,Usuario818,user818,senha818,funcionario
819,Usuario819,user819,senha819,funcionario
820,Usuario820,user820,senha820,gerente
821,Usuario821,user821,senha821,funcionario
822,Usuario822,user822,senha822,gerente
823,Usuario823,user823,senha823,gerente
824,Usuario824,user824,senha824,cliente
825,Usuario825,user825,senha825,funcionario
826,Usuario826,user826,senha826,funcionario
827,Usuario827,user827,senha827,gerente
828,Usuario828,user828,senha828,estagiario
829,Usuario829,user829,senha829,cliente
830,Usuario830,user830,senha830,gerente
831,Usuario831,user831,senha831,gerente
832,Usuario832,user832,senha832,gerente
833,Usuario833,user833,senha833,estagiario
834,Usuario834,user834,senha834,estagiario
835,Usuario835,user835,senha835,funcionario
836,Usuario836,user836,senha836,cliente
837,Usuario837,user837,senha837,funcionario
838,Usuario838,user838,senha838,gerente
839,Usuario839,user839,senha839,cliente
840,Usuario840,user840,senha840,gerente
841,Usuario841,user841,senha841,funcionario
842,Usuario842,user842,senha842,funcionario
843,Usuario843,user843,senha843,funcionario
844,Usuario844,user844,senha844,funcionario
845,Usuario845,user845,senha845,gerente
846,Usuario846,user846,senha846,estagiario
847,Usuario847,user847,senha847,estagiario
848,Usuario848,user848,senha848,estagiario
849,Usuario849,user849,senha849,gerente
850,Usuario850,user850,senha850,gerente
851,Usuario851,user851,senha851,cliente
852,Usuario852,user852,senha852,funcionario
853,Usuario853,user853,senha853,cliente
854,Usuario854,user854,senha854,estagiario
855,Usuario855,user855,senha855,funcionario
856,Usuario856,user856,senha856,cliente
857,Usuario857,user857,senha857,gerente
858,Usuario858,user858,senha858,cliente
859,Usuario859,user859,senha859,funcionario
860,Usuario860,user860,senha860,funcionario
861,Usuario861,user861,senha861,funcionario
862,Usuario862,user862,senha862,cliente
863,Usuario863,user863,senha863,estagiario
864,Usuario864,user864,senha864,gerente
865,Usuario865,user865,senha865,funcionario
866,Usuario866,user866,senha866,funcionario
867,Usuario867,user867,senha867,gerente
868,Usuario868,user868,senha868,estagiario
869,Usuario869,user869,senha869,cliente
870,Usuario870,user870,senha870,funcionario
871,Usuario871,user871,senha871,estagiario
872,Usuario872,user872,senha872,funcionario
873,Usuario873,user873,senha873,gerente
874,Usuario874,user874,senha874,cliente
875,Usuario875,user875,senha875,cliente
876,Usuario876,user876,senha876,funcionario
877,Usuario877,user877,senha877,gerente
878,Usuario878,user878,senha878,funcionario
879,Usuario879,user879,senha879,cliente
880,Usuario880,user880,senha880,funcionario
881,Usuario881,user881,senha881,funcionario
882,Usuario882,user882,senha882,cliente
883,Usuario883,user883,senha883,funcionario
884,Usuario884,user884,senha884,gerente
885,Usuario885,user885,senha885,gerente
886,Usuario886,user886,senha886,cliente
887,Usuario887,user887,senha887,cliente
888,Usuario888,user888,senha888,gerente
889,Usuario889,user889,senha889,cliente
890,Usuario890,user890,senha890,funcionario
891,Usuario891,user891,senha891,funcionario
892,Usuario892,user892,senha892,estagiario
893,Usuario893,user893,senha893,gerente
894,Usuario894,user894,senha894,gerente
895,Usuario895,user895,senha895,gerente
896,Usuario896,user896,senha896,cliente
897,Usuario897,user897,senha897,cliente
898,Usuario898,user898,senha898,cliente
899,Usuario899,user899,senha899,gerente
900,Usuario900,user900,senha900,funcionario
901,Usuario901,user901,senha901,cliente
902,Usuario902,user902,senha902,funcionario
903,Usuario903,user903,senha903,gerente
904,Usuario904,user904,senha904,gerente
905,Usuario905,user905,senha905,gerente
906,Usuario906,user906,senha906,funcionario
907,Usuario907,user907,senha907,gerente
908,Usuario908,user908,senha908,estagiario
909,Usuario909,user909,senha909,funcionario
910,Usuario910,user910,senha910,gerente
911,Usuario911,user911,senha911,cliente
912,Usuario912,user912,senha912,estagiario
913,Usuario913,user913,senha913,estagiario
914,Usuario914,user914,senha914,estagiario
915,Usuario915,user915,senha915,gerente
916,Usuario916,user916,senha916,cliente
917,Usuario917,user917,senha917,funcionario
918,Usuario918,user918,senha918,estagiario
919,Usuario919,user919,senha919,estagiario
920,Usuario920,user920,senha920,funcionario
921,Usuario921,user921,senha921,gerente
922,Usuario922,user922,senha922,estagiario
923,Usuario923,user923,senha923,estagiario
924,Usuario924,user924,senha924,funcionario
925,Usuario925,user925,senha925,cliente
926,Usuario926,user926,senha926,funcionario
927,Usuario927,user927,senha927,funcionario
928,Usuario928,user928,senha928,estagiario
929,Usuario929,user929,senha929,estagiario
930,Usuario930,user930,senha930,estagiario
931,Usuario931,user931,senha931,cliente
932,Usuario932,user932,senha932,cliente
933,Usuario933,user933,senha933,gerente
934,Usuario934,user934,senha934,funcionario
935,Usuario935,user935,senha935,funcionario
936,Usuario936,user936,senha936,funcionario
937,Usuario937,user937,senha937,estagiario
938,Usuario938,user938,senha938,cliente
939,Usuario939,user939,senha939,gerente
940,Usuario940,user940,senha940,cliente
941,Usuario941,user941,senha941,estagiario
942,Usuario942,user942,senha942,estagiario
943,Usuario943,user943,senha943,gerente
944,Usuario944,user944,senha944,gerente
945,Usuario945,user945,senha945,cliente
946,Usuario946,user946,senha946,estagiario
947,Usuario947,user947,senha947,cliente
948,Usuario948,user948,senha948,funcionario
949,Usuario949,user949,senha949,funcionario
950,Usuario950,user950,senha950,estagiario
951,Usuario951,user951,senha951,estagiario
952,Usuario952,user952,senha952,cliente
953,Usuario953,user953,senha953,funcionario
954,Usuario954,user954,senha954,gerente
955,Usuario955,user955,senha955,cliente
956,Usuario956,user956,senha956,estagiario
957,Usuario957,user957,senha957,funcionario
958,Usuario958,user958,senha958,estagiario
959,Usuario959,user959,senha959,cliente
960,Usuario960,user960,senha960,estagiario
961,Usuario961,user961,senha961,estagiario
962,Usuario962,user962,senha962,gerente
963,Usuario963,user963,senha963,gerente
964,Usuario964,user964,senha964,funcionario
965,Usuario965,user965,senha965,cliente
966,Usuario966,user966,senha966,funcionario
967,Usuario967,user967,senha967,cliente
968,Usuario968,user968,senha968,cliente
969,Usuario969,user969,senha969,cliente
970,Usuario970,user970,senha970,gerente
971,Usuario971,user971,senha971,estagiario
972,Usuario972,user972,senha972,cliente
973,Usuario973,user973,senha973,gerente
974,Usuario974,user974,senha974,gerente
975,Usuario975,user975,senha975,estagiario
976,Usuario976,user976,senha976,gerente
977,Usuario977,user977,senha977,gerente
978,Usuario978,user978,senha978,gerente
979,Usuario979,user979,senha979,funcionario
980,Usuario980,user980,senha980,gerente
981,Usuario981,user981,senha981,estagiario
982,Usuario982,user982,senha982,estagiario
983,Usuario983,user983,senha983,gerente
984,Usuario984,user984,senha984,estagiario
985,Usuario985,user985,senha985,cliente
986,Usuario986,user986,senha986,gerente
987,Usuario987,user987,senha987,gerente
988,Usuario988,user988,senha988,funcionario
989,Usuario989,user989,senha989,cliente
990,Usuario990,user990,senha990,estagiario
991,Usuario991,user991,senha991,funcionario
992,Usuario992,user992,senha992,estagiario
993,Usuario993,user993,senha993,funcionario
994,Usuario994,user994,senha994,funcionario
995,Usuario995,user995,senha995,funcionario
996,Usuario996,user996,senha996,funcionario
997,Usuario997,user997,senha997,gerente
998,Usuario998,user998,senha998,gerente
999,Usuario999,user999,senha999,funcionario
1000,Usuario1000,user1000,senha1000,funcionario
usuario1001,Eberte,eberte,eberte1,gerente
